,innode,outnode,etype,dataflow,change_operation,id_x,line_out,id_y,line_in
25,0_5,0_4,AST,,REMAIN,4,1.0,5,1.0
30,0_14,0_4,CFG,,REMAIN,7,1.0,15,4.0
31,0_15,0_14,AST,,REMAIN,14,4.0,15,4.0
33,0_48,0_4,DDG,,REMAIN,7,1.0,54,18.0
34,0_48,0_27,CDG,,ADD,28,8.0,54,18.0
35,0_54,0_50,AST,,REMAIN,50,18.0,54,18.0
37,0_48,0_36,CDG,,DELETE,37,12.0,54,18.0
38,0_19,0_4,DDG,,REMAIN,7,1.0,23,5.0
43,0_23,0_192,AST,,ADD,192,5.0,23,5.0
44,0_23,0_21,AST,,DELETE,21,5.0,23,5.0
47,0_9,0_7,AST,,REMAIN,7,1.0,9,1.0
48,0_58,0_4,DDG,,REMAIN,7,1.0,60,20.0
49,0_60,0_58,AST,,REMAIN,58,20.0,60,20.0
51,0_58,0_32,CDG,,ADD,202,11.0,60,20.0
52,0_58,0_48,CDG,,DELETE,49,18.0,60,20.0
54,0_19,0_14,DDG,qiv,REMAIN,15,4.0,22,5.0
58,0_22,0_192,AST,,ADD,192,5.0,22,5.0
60,0_22,0_21,AST,,DELETE,21,5.0,22,5.0
62,0_10,0_4,DDG,,REMAIN,7,1.0,10,2.0
63,0_10,0_7,AST,,REMAIN,7,1.0,10,2.0
64,0_14,0_4,DDG,,REMAIN,7,1.0,17,4.0
67,0_17,0_16,AST,,REMAIN,16,4.0,17,4.0
71,0_56,0_202,AST,,ADD,202,11.0,56,18.0
73,0_56,0_49,AST,,DELETE,49,18.0,56,18.0
74,0_47,0_4,DDG,,REMAIN,7,1.0,47,15.0
75,0_47,0_27,CFG,,ADD,28,8.0,47,15.0
76,0_47,0_27,CDG,,ADD,28,8.0,47,15.0
79,0_47,0_36,CDG,,DELETE,37,12.0,47,15.0
80,0_47,0_40,CFG,,DELETE,40,13.0,47,15.0
81,0_11,0_4,DDG,,REMAIN,7,1.0,11,2.0
82,0_11,0_7,AST,,REMAIN,7,1.0,11,2.0
84,0_8,0_7,AST,,REMAIN,7,1.0,8,1.0
86,0_19,0_11,DDG,errp,REMAIN,11,2.0,25,5.0
90,0_25,0_192,AST,,ADD,192,5.0,25,5.0
91,0_25,0_21,AST,,DELETE,21,5.0,25,5.0
95,0_58,0_19,DDG,errp,REMAIN,25,5.0,59,20.0
96,0_59,0_58,AST,,REMAIN,58,20.0,59,20.0
98,0_58,0_61,DDG,"full_name(qiv, name)",REMAIN,61,21.0,59,20.0
100,0_58,0_32,CFG,,ADD,202,11.0,59,20.0
102,0_58,0_48,CFG,,DELETE,49,18.0,59,20.0
104,0_61,0_4,DDG,,REMAIN,7,1.0,62,21.0
105,0_61,0_19,DDG,qiv,REMAIN,22,5.0,62,21.0
106,0_61,0_58,CFG,,REMAIN,60,20.0,62,21.0
107,0_62,0_61,AST,,REMAIN,61,21.0,62,21.0
109,0_61,0_32,CDG,,ADD,202,11.0,62,21.0
110,0_61,0_48,CDG,,DELETE,49,18.0,62,21.0
113,0_63,0_61,AST,,REMAIN,61,21.0,63,21.0
120,0_53,0_50,AST,,REMAIN,50,18.0,53,18.0
121,0_48,0_32,CFG,,ADD,204,11.0,53,18.0
125,0_48,0_10,DDG,obj,REMAIN,10,2.0,55,18.0
127,0_55,0_50,AST,,REMAIN,50,18.0,55,18.0
131,0_48,0_32,DDG,str,ADD,204,11.0,55,18.0
135,0_64,0_58,AST,,REMAIN,58,20.0,64,21.0
140,0_65,0_7,AST,,REMAIN,7,1.0,65,1.0
141,0_4,0_10,DDG,obj,REMAIN,10,2.0,65,1.0
142,0_4,0_14,DDG,to_qiv(v),REMAIN,16,4.0,65,1.0
144,0_4,0_19,DDG,qiv,REMAIN,22,5.0,65,1.0
147,0_4,0_27,DDG,!qobj,REMAIN,28,8.0,65,1.0
148,0_4,0_47,CFG,,REMAIN,47,15.0,65,1.0
149,0_4,0_47,DDG,<RET>,REMAIN,47,15.0,65,1.0
150,0_4,0_48,DDG,NULL,REMAIN,53,18.0,65,1.0
151,0_4,0_58,CFG,,REMAIN,58,20.0,65,1.0
152,0_4,0_58,DDG,QERR_INVALID_PARAMETER_VALUE,REMAIN,60,20.0,65,1.0
154,0_4,0_198,DDG,str,ADD,198,7.0,65,1.0
155,0_4,0_32,CFG,,ADD,202,11.0,65,1.0
158,0_4,0_31,CFG,,DELETE,31,9.0,65,1.0
159,0_4,0_31,DDG,<RET>,DELETE,31,9.0,65,1.0
160,0_4,0_40,DDG,QERR_INVALID_PARAMETER_TYPE,DELETE,42,13.0,65,1.0
161,0_4,0_48,CFG,,DELETE,49,18.0,65,1.0
162,0_150,0_7,AST,,REMAIN,7,1.0,150,1.0
165,0_151,0_7,AST,,REMAIN,7,1.0,151,1.0
168,0_152,0_7,AST,,REMAIN,7,1.0,152,2.0
169,0_152,0_10,DDG,obj,REMAIN,10,2.0,152,2.0
171,0_153,0_7,AST,,REMAIN,7,1.0,153,2.0
172,0_153,0_11,DDG,errp,REMAIN,11,2.0,153,2.0
173,0_153,0_19,DDG,errp,REMAIN,25,5.0,153,2.0
174,0_32,0_4,DDG,,ADD,7,1.0,204,11.0
175,0_32,0_27,CFG,,ADD,28,8.0,204,11.0
176,0_32,0_27,CDG,,ADD,28,8.0,204,11.0
177,0_204,0_50,AST,,ADD,50,18.0,204,11.0
178,0_32,0_48,DDG,NULL,ADD,53,18.0,204,11.0
181,0_32,0_198,DDG,str,ADD,198,7.0,204,11.0
182,0_198,0_4,DDG,,ADD,7,1.0,198,7.0
183,0_198,0_28,AST,,ADD,28,8.0,198,7.0
184,0_198,0_19,CFG,,ADD,19,5.0,198,7.0
185,0_198,0_19,DDG,str,ADD,191,5.0,198,7.0
186,0_43,0_4,DDG,,DELETE,7,1.0,44,14.0
187,0_43,0_19,DDG,qiv,DELETE,22,5.0,44,14.0
188,0_43,0_36,CDG,,DELETE,37,12.0,44,14.0
189,0_43,0_40,CFG,,DELETE,42,13.0,44,14.0
190,0_44,0_43,AST,,DELETE,43,14.0,44,14.0
194,0_24,0_21,AST,,DELETE,21,5.0,24,5.0
197,0_46,0_40,AST,,DELETE,40,13.0,46,14.0
201,0_32,0_27,DDG,qobj,DELETE,29,8.0,35,11.0
203,0_35,0_34,AST,,DELETE,34,11.0,35,11.0
204,0_36,0_4,DDG,,DELETE,7,1.0,38,12.0
205,0_36,0_27,CDG,,DELETE,28,8.0,38,12.0
206,0_36,0_32,CFG,,DELETE,32,11.0,38,12.0
207,0_36,0_32,DDG,qstr,DELETE,33,11.0,38,12.0
208,0_38,0_37,AST,,DELETE,37,12.0,38,12.0
212,0_45,0_43,AST,,DELETE,43,14.0,45,14.0
215,0_40,0_4,DDG,,DELETE,7,1.0,41,13.0
216,0_40,0_19,DDG,errp,DELETE,25,5.0,41,13.0
217,0_40,0_36,CFG,,DELETE,37,12.0,41,13.0
218,0_40,0_36,CDG,,DELETE,37,12.0,41,13.0
219,0_41,0_40,AST,,DELETE,40,13.0,41,13.0
221,0_40,0_43,DDG,"full_name(qiv, name)",DELETE,43,14.0,41,13.0
223,0_31,0_4,DDG,,DELETE,7,1.0,31,9.0
224,0_31,0_27,CFG,,DELETE,28,8.0,31,9.0
225,0_31,0_27,CDG,,DELETE,28,8.0,31,9.0
227,0_27,0_4,DDG,,DELETE,7,1.0,29,8.0
228,0_29,0_28,AST,,DELETE,28,8.0,29,8.0
229,0_27,0_19,CFG,,DELETE,19,5.0,29,8.0
230,0_27,0_19,DDG,qobj,DELETE,20,5.0,29,8.0
232,0_48,0_36,CFG,,DELETE,37,12.0,52,18.0
234,0_48,0_36,DDG,qstr,DELETE,38,12.0,52,18.0
235,0_52,0_51,AST,,DELETE,51,18.0,52,18.0
238,0_42,0_40,AST,,DELETE,40,13.0,42,13.0
263,0_16,0_14,AST,,REMAIN,14,4.0,16,4.0
266,0_19,0_14,CFG,,ADD,14,4.0,191,5.0
267,0_191,0_19,AST,,ADD,19,5.0,191,5.0
270,0_20,0_19,AST,,DELETE,19,5.0,20,5.0
276,0_192,0_19,AST,,ADD,19,5.0,192,5.0
281,0_21,0_19,AST,,DELETE,19,5.0,21,5.0
283,0_28,0_27,AST,,REMAIN,27,8.0,28,8.0
284,0_27,0_198,CFG,,ADD,198,7.0,28,8.0
285,0_27,0_198,DDG,str,ADD,198,7.0,28,8.0
295,0_50,0_202,AST,,ADD,202,11.0,50,18.0
298,0_50,0_49,AST,,DELETE,49,18.0,50,18.0
301,0_202,0_36,AST,,ADD,36,12.0,202,11.0
303,0_32,0_48,CFG,,ADD,56,18.0,202,11.0
307,0_33,0_32,AST,,DELETE,32,11.0,33,11.0
310,0_34,0_32,AST,,DELETE,32,11.0,34,11.0
314,0_37,0_36,AST,,DELETE,36,12.0,37,12.0
322,0_58,0_61,CFG,,REMAIN,64,21.0,58,20.0
332,0_40,0_43,CFG,,DELETE,46,14.0,40,13.0
338,0_49,0_48,AST,,DELETE,48,18.0,49,18.0
339,0_51,0_50,AST,,DELETE,50,18.0,51,18.0
346,0_61,0_58,AST,,REMAIN,58,20.0,61,21.0
347,0_61,0_58,DDG,errp,REMAIN,59,20.0,61,21.0
511,0_43,0_40,AST,,DELETE,40,13.0,43,14.0
512,0_43,0_40,DDG,errp,DELETE,41,13.0,43,14.0
25,1_5,1_4,AST,,REMAIN,4,1.0,5,1.0
30,1_14,1_4,CFG,,REMAIN,7,1.0,15,4.0
31,1_15,1_14,AST,,REMAIN,14,4.0,15,4.0
33,1_48,1_4,DDG,,REMAIN,7,1.0,54,18.0
34,1_48,1_10,DDG,obj,REMAIN,10,2.0,54,18.0
35,1_48,1_27,CDG,,ADD,28,8.0,54,18.0
36,1_54,1_50,AST,,REMAIN,50,18.0,54,18.0
39,1_48,1_32,DDG,str,ADD,201,11.0,54,18.0
40,1_48,1_36,CDG,,DELETE,37,12.0,54,18.0
42,1_19,1_4,DDG,,REMAIN,7,1.0,23,5.0
47,1_23,1_189,AST,,ADD,189,5.0,23,5.0
48,1_23,1_21,AST,,DELETE,21,5.0,23,5.0
51,1_9,1_7,AST,,REMAIN,7,1.0,9,1.0
53,1_19,1_14,DDG,qiv,REMAIN,15,4.0,22,5.0
57,1_22,1_189,AST,,ADD,189,5.0,22,5.0
59,1_22,1_21,AST,,DELETE,21,5.0,22,5.0
61,1_10,1_4,DDG,,REMAIN,7,1.0,10,2.0
62,1_10,1_7,AST,,REMAIN,7,1.0,10,2.0
63,1_14,1_4,DDG,,REMAIN,7,1.0,17,4.0
66,1_17,1_16,AST,,REMAIN,16,4.0,17,4.0
67,1_47,1_4,DDG,,REMAIN,7,1.0,47,15.0
68,1_47,1_27,CFG,,ADD,28,8.0,47,15.0
69,1_47,1_27,CDG,,ADD,28,8.0,47,15.0
72,1_47,1_36,CDG,,DELETE,37,12.0,47,15.0
73,1_47,1_40,CFG,,DELETE,40,13.0,47,15.0
74,1_11,1_4,DDG,,REMAIN,7,1.0,11,2.0
75,1_11,1_7,AST,,REMAIN,7,1.0,11,2.0
77,1_8,1_7,AST,,REMAIN,7,1.0,8,1.0
78,1_57,1_4,DDG,,REMAIN,7,1.0,58,20.0
79,1_57,1_19,DDG,errp,REMAIN,25,5.0,58,20.0
80,1_58,1_57,AST,,REMAIN,57,20.0,58,20.0
82,1_57,1_60,DDG,"full_name(qiv, name)",REMAIN,60,21.0,58,20.0
84,1_57,1_32,CFG,,ADD,199,11.0,58,20.0
85,1_57,1_32,CDG,,ADD,199,11.0,58,20.0
86,1_57,1_48,CFG,,DELETE,49,18.0,58,20.0
87,1_57,1_48,CDG,,DELETE,49,18.0,58,20.0
89,1_19,1_11,DDG,errp,REMAIN,11,2.0,25,5.0
93,1_25,1_189,AST,,ADD,189,5.0,25,5.0
94,1_25,1_21,AST,,DELETE,21,5.0,25,5.0
98,1_59,1_57,AST,,REMAIN,57,20.0,59,20.0
102,1_60,1_4,DDG,,REMAIN,7,1.0,62,21.0
103,1_60,1_19,DDG,name,REMAIN,23,5.0,62,21.0
104,1_62,1_60,AST,,REMAIN,60,21.0,62,21.0
107,1_60,1_32,CDG,,ADD,199,11.0,62,21.0
108,1_60,1_48,CDG,,DELETE,49,18.0,62,21.0
110,1_63,1_57,AST,,REMAIN,57,20.0,63,21.0
116,1_53,1_50,AST,,REMAIN,50,18.0,53,18.0
117,1_48,1_32,CFG,,ADD,201,11.0,53,18.0
123,1_55,1_199,AST,,ADD,199,11.0,55,18.0
125,1_55,1_49,AST,,DELETE,49,18.0,55,18.0
128,1_60,1_57,CFG,,REMAIN,59,20.0,61,21.0
129,1_61,1_60,AST,,REMAIN,60,21.0,61,21.0
134,1_64,1_7,AST,,REMAIN,7,1.0,64,1.0
135,1_4,1_10,DDG,obj,REMAIN,10,2.0,64,1.0
136,1_4,1_14,DDG,to_qiv(v),REMAIN,16,4.0,64,1.0
138,1_4,1_19,DDG,qiv,REMAIN,22,5.0,64,1.0
141,1_4,1_27,DDG,!qobj,REMAIN,28,8.0,64,1.0
142,1_4,1_47,CFG,,REMAIN,47,15.0,64,1.0
143,1_4,1_47,DDG,<RET>,REMAIN,47,15.0,64,1.0
144,1_4,1_48,DDG,NULL,REMAIN,53,18.0,64,1.0
145,1_4,1_57,CFG,,REMAIN,57,20.0,64,1.0
146,1_4,1_57,DDG,QERR_INVALID_PARAMETER_VALUE,REMAIN,59,20.0,64,1.0
148,1_4,1_195,DDG,str,ADD,195,7.0,64,1.0
149,1_4,1_32,CFG,,ADD,199,11.0,64,1.0
152,1_4,1_31,CFG,,DELETE,31,9.0,64,1.0
153,1_4,1_31,DDG,<RET>,DELETE,31,9.0,64,1.0
154,1_4,1_40,DDG,QERR_INVALID_PARAMETER_TYPE,DELETE,42,13.0,64,1.0
155,1_4,1_48,CFG,,DELETE,49,18.0,64,1.0
156,1_148,1_7,AST,,REMAIN,7,1.0,148,1.0
159,1_149,1_7,AST,,REMAIN,7,1.0,149,1.0
162,1_150,1_7,AST,,REMAIN,7,1.0,150,2.0
163,1_150,1_10,DDG,obj,REMAIN,10,2.0,150,2.0
165,1_151,1_7,AST,,REMAIN,7,1.0,151,2.0
166,1_151,1_11,DDG,errp,REMAIN,11,2.0,151,2.0
167,1_151,1_19,DDG,errp,REMAIN,25,5.0,151,2.0
168,1_32,1_4,DDG,,ADD,7,1.0,201,11.0
169,1_32,1_27,CFG,,ADD,28,8.0,201,11.0
170,1_32,1_27,CDG,,ADD,28,8.0,201,11.0
171,1_201,1_50,AST,,ADD,50,18.0,201,11.0
172,1_32,1_48,DDG,NULL,ADD,53,18.0,201,11.0
174,1_32,1_195,DDG,str,ADD,195,7.0,201,11.0
175,1_195,1_4,DDG,,ADD,7,1.0,195,7.0
176,1_195,1_28,AST,,ADD,28,8.0,195,7.0
177,1_195,1_19,CFG,,ADD,19,5.0,195,7.0
178,1_195,1_19,DDG,str,ADD,188,5.0,195,7.0
179,1_43,1_4,DDG,,DELETE,7,1.0,44,14.0
180,1_43,1_19,DDG,qiv,DELETE,22,5.0,44,14.0
181,1_43,1_36,CDG,,DELETE,37,12.0,44,14.0
182,1_43,1_40,CFG,,DELETE,42,13.0,44,14.0
183,1_44,1_43,AST,,DELETE,43,14.0,44,14.0
187,1_24,1_21,AST,,DELETE,21,5.0,24,5.0
190,1_46,1_40,AST,,DELETE,40,13.0,46,14.0
194,1_32,1_27,DDG,qobj,DELETE,29,8.0,35,11.0
196,1_35,1_34,AST,,DELETE,34,11.0,35,11.0
197,1_36,1_4,DDG,,DELETE,7,1.0,38,12.0
198,1_36,1_27,CDG,,DELETE,28,8.0,38,12.0
199,1_36,1_32,CFG,,DELETE,32,11.0,38,12.0
200,1_36,1_32,DDG,qstr,DELETE,33,11.0,38,12.0
201,1_38,1_37,AST,,DELETE,37,12.0,38,12.0
205,1_45,1_43,AST,,DELETE,43,14.0,45,14.0
208,1_40,1_4,DDG,,DELETE,7,1.0,41,13.0
209,1_40,1_19,DDG,errp,DELETE,25,5.0,41,13.0
210,1_40,1_36,CFG,,DELETE,37,12.0,41,13.0
211,1_40,1_36,CDG,,DELETE,37,12.0,41,13.0
212,1_41,1_40,AST,,DELETE,40,13.0,41,13.0
214,1_40,1_43,DDG,"full_name(qiv, name)",DELETE,43,14.0,41,13.0
216,1_31,1_4,DDG,,DELETE,7,1.0,31,9.0
217,1_31,1_27,CFG,,DELETE,28,8.0,31,9.0
218,1_31,1_27,CDG,,DELETE,28,8.0,31,9.0
220,1_27,1_4,DDG,,DELETE,7,1.0,29,8.0
221,1_29,1_28,AST,,DELETE,28,8.0,29,8.0
222,1_27,1_19,CFG,,DELETE,19,5.0,29,8.0
223,1_27,1_19,DDG,qobj,DELETE,20,5.0,29,8.0
225,1_48,1_36,CFG,,DELETE,37,12.0,52,18.0
227,1_48,1_36,DDG,qstr,DELETE,38,12.0,52,18.0
228,1_52,1_51,AST,,DELETE,51,18.0,52,18.0
231,1_42,1_40,AST,,DELETE,40,13.0,42,13.0
256,1_16,1_14,AST,,REMAIN,14,4.0,16,4.0
259,1_19,1_14,CFG,,ADD,14,4.0,188,5.0
260,1_188,1_19,AST,,ADD,19,5.0,188,5.0
263,1_20,1_19,AST,,DELETE,19,5.0,20,5.0
269,1_189,1_19,AST,,ADD,19,5.0,189,5.0
274,1_21,1_19,AST,,DELETE,19,5.0,21,5.0
276,1_28,1_27,AST,,REMAIN,27,8.0,28,8.0
277,1_27,1_195,CFG,,ADD,195,7.0,28,8.0
278,1_27,1_195,DDG,str,ADD,195,7.0,28,8.0
287,1_50,1_199,AST,,ADD,199,11.0,50,18.0
290,1_50,1_49,AST,,DELETE,49,18.0,50,18.0
293,1_199,1_36,AST,,ADD,36,12.0,199,11.0
295,1_32,1_48,CFG,,ADD,55,18.0,199,11.0
299,1_33,1_32,AST,,DELETE,32,11.0,33,11.0
302,1_34,1_32,AST,,DELETE,32,11.0,34,11.0
306,1_37,1_36,AST,,DELETE,36,12.0,37,12.0
314,1_57,1_60,CFG,,REMAIN,63,21.0,57,20.0
324,1_40,1_43,CFG,,DELETE,46,14.0,40,13.0
330,1_49,1_48,AST,,DELETE,48,18.0,49,18.0
331,1_51,1_50,AST,,DELETE,50,18.0,51,18.0
337,1_60,1_57,AST,,REMAIN,57,20.0,60,21.0
338,1_60,1_57,DDG,errp,REMAIN,58,20.0,60,21.0
497,1_43,1_40,AST,,DELETE,40,13.0,43,14.0
498,1_43,1_40,DDG,errp,DELETE,41,13.0,43,14.0
27,2_5,2_4,AST,,REMAIN,4,1.0,5,1.0
32,2_14,2_4,CFG,,REMAIN,7,1.0,15,4.0
33,2_15,2_14,AST,,REMAIN,14,4.0,15,4.0
35,2_19,2_4,DDG,,REMAIN,7,1.0,23,5.0
40,2_23,2_219,AST,,ADD,219,5.0,23,5.0
41,2_23,2_21,AST,,DELETE,21,5.0,23,5.0
43,2_74,2_4,DDG,,REMAIN,7,1.0,75,25.0
44,2_74,2_19,DDG,errp,REMAIN,25,5.0,75,25.0
45,2_74,2_64,CFG,,REMAIN,65,23.0,75,25.0
46,2_74,2_64,CDG,,REMAIN,65,23.0,75,25.0
47,2_75,2_74,AST,,REMAIN,74,25.0,75,25.0
49,2_74,2_77,DDG,"full_name(qiv, name)",REMAIN,77,26.0,75,25.0
51,2_64,2_4,DDG,,REMAIN,7,1.0,67,23.0
52,2_64,2_29,CDG,,ADD,30,10.0,67,23.0
53,2_64,2_54,DDG,errno,REMAIN,55,21.0,67,23.0
54,2_64,2_57,CFG,,REMAIN,57,22.0,67,23.0
55,2_67,2_66,AST,,REMAIN,66,23.0,67,23.0
57,2_64,2_38,CDG,,DELETE,39,14.0,67,23.0
59,2_19,2_14,DDG,qiv,REMAIN,15,4.0,22,5.0
63,2_22,2_219,AST,,ADD,219,5.0,22,5.0
65,2_22,2_21,AST,,DELETE,21,5.0,22,5.0
67,2_10,2_4,DDG,,REMAIN,7,1.0,10,2.0
68,2_10,2_7,AST,,REMAIN,7,1.0,10,2.0
69,2_14,2_4,DDG,,REMAIN,7,1.0,17,4.0
72,2_17,2_16,AST,,REMAIN,16,4.0,17,4.0
73,2_54,2_4,DDG,,REMAIN,7,1.0,56,21.0
74,2_54,2_29,CDG,,ADD,30,10.0,56,21.0
75,2_56,2_54,AST,,REMAIN,54,21.0,56,21.0
77,2_54,2_38,CDG,,DELETE,39,14.0,56,21.0
79,2_64,2_57,DDG,str,REMAIN,61,22.0,70,23.0
81,2_70,2_68,AST,,REMAIN,68,23.0,70,23.0
84,2_77,2_4,DDG,,REMAIN,7,1.0,78,26.0
85,2_77,2_19,DDG,qiv,REMAIN,22,5.0,78,26.0
86,2_77,2_64,CDG,,REMAIN,65,23.0,78,26.0
87,2_77,2_74,CFG,,REMAIN,76,25.0,78,26.0
88,2_78,2_77,AST,,REMAIN,77,26.0,78,26.0
90,2_11,2_4,DDG,,REMAIN,7,1.0,11,2.0
91,2_11,2_7,AST,,REMAIN,7,1.0,11,2.0
93,2_8,2_7,AST,,REMAIN,7,1.0,8,1.0
97,2_79,2_77,AST,,REMAIN,77,26.0,79,26.0
100,2_49,2_4,DDG,,REMAIN,7,1.0,49,17.0
101,2_49,2_29,CFG,,ADD,30,10.0,49,17.0
102,2_49,2_29,CDG,,ADD,30,10.0,49,17.0
104,2_49,2_38,CDG,,DELETE,39,14.0,49,17.0
106,2_49,2_42,CFG,,DELETE,42,15.0,49,17.0
108,2_19,2_11,DDG,errp,REMAIN,11,2.0,25,5.0
112,2_25,2_219,AST,,ADD,219,5.0,25,5.0
113,2_25,2_21,AST,,DELETE,21,5.0,25,5.0
116,2_57,2_4,DDG,,REMAIN,7,1.0,59,22.0
117,2_57,2_10,DDG,obj,REMAIN,10,2.0,59,22.0
118,2_57,2_29,CDG,,ADD,30,10.0,59,22.0
119,2_57,2_54,CFG,,REMAIN,54,21.0,59,22.0
120,2_59,2_58,AST,,REMAIN,58,22.0,59,22.0
121,2_57,2_38,CDG,,DELETE,39,14.0,59,22.0
124,2_76,2_74,AST,,REMAIN,74,25.0,76,25.0
130,2_9,2_7,AST,,REMAIN,7,1.0,9,1.0
134,2_63,2_62,AST,,REMAIN,62,22.0,63,22.0
142,2_72,2_71,AST,,REMAIN,71,23.0,72,23.0
146,2_61,2_60,AST,,REMAIN,60,22.0,61,22.0
148,2_57,2_226,DDG,str,ADD,226,8.0,61,22.0
150,2_57,2_50,DDG,str,DELETE,51,20.0,61,22.0
153,2_80,2_74,AST,,REMAIN,74,25.0,80,26.0
160,2_69,2_68,AST,,REMAIN,68,23.0,69,23.0
163,2_81,2_7,AST,,REMAIN,7,1.0,81,1.0
164,2_4,2_10,DDG,obj,REMAIN,10,2.0,81,1.0
165,2_4,2_14,DDG,to_qiv(v),REMAIN,16,4.0,81,1.0
167,2_4,2_19,DDG,qiv,REMAIN,22,5.0,81,1.0
170,2_4,2_29,DDG,!qobj,REMAIN,30,10.0,81,1.0
171,2_4,2_49,CFG,,REMAIN,49,17.0,81,1.0
172,2_4,2_49,DDG,<RET>,REMAIN,49,17.0,81,1.0
173,2_4,2_64,CFG,,REMAIN,65,23.0,81,1.0
174,2_4,2_74,CFG,,REMAIN,74,25.0,81,1.0
175,2_4,2_74,DDG,QERR_INVALID_PARAMETER_TYPE,ADD,76,25.0,81,1.0
177,2_4,2_226,DDG,str,ADD,226,8.0,81,1.0
180,2_4,2_33,CFG,,DELETE,33,11.0,81,1.0
181,2_4,2_33,DDG,<RET>,DELETE,33,11.0,81,1.0
182,2_175,2_7,AST,,REMAIN,7,1.0,175,1.0
185,2_176,2_7,AST,,REMAIN,7,1.0,176,1.0
188,2_177,2_7,AST,,REMAIN,7,1.0,177,2.0
189,2_177,2_10,DDG,obj,REMAIN,10,2.0,177,2.0
191,2_178,2_7,AST,,REMAIN,7,1.0,178,2.0
192,2_178,2_11,DDG,errp,REMAIN,11,2.0,178,2.0
193,2_178,2_19,DDG,errp,REMAIN,25,5.0,178,2.0
194,2_226,2_4,DDG,,ADD,7,1.0,226,8.0
195,2_226,2_30,AST,,ADD,30,10.0,226,8.0
196,2_226,2_19,CFG,,ADD,19,5.0,226,8.0
197,2_226,2_19,DDG,str,ADD,218,5.0,226,8.0
198,2_33,2_4,DDG,,DELETE,7,1.0,33,11.0
199,2_33,2_29,CFG,,DELETE,30,10.0,33,11.0
200,2_33,2_29,CDG,,DELETE,30,10.0,33,11.0
202,2_42,2_4,DDG,,DELETE,7,1.0,44,15.0
203,2_42,2_38,CDG,,DELETE,39,14.0,44,15.0
204,2_44,2_42,AST,,DELETE,42,15.0,44,15.0
207,2_42,2_45,DDG,"full_name(qiv, name)",DELETE,45,16.0,44,15.0
209,2_29,2_4,DDG,,DELETE,7,1.0,31,10.0
210,2_31,2_30,AST,,DELETE,30,10.0,31,10.0
211,2_29,2_19,CFG,,DELETE,19,5.0,31,10.0
212,2_29,2_19,DDG,qobj,DELETE,20,5.0,31,10.0
213,2_45,2_4,DDG,,DELETE,7,1.0,46,16.0
214,2_45,2_19,DDG,qiv,DELETE,22,5.0,46,16.0
215,2_45,2_38,CDG,,DELETE,39,14.0,46,16.0
216,2_45,2_42,CFG,,DELETE,44,15.0,46,16.0
217,2_46,2_45,AST,,DELETE,45,16.0,46,16.0
219,2_34,2_4,DDG,,DELETE,7,1.0,37,13.0
220,2_34,2_29,CDG,,DELETE,30,10.0,37,13.0
221,2_34,2_29,DDG,qobj,DELETE,31,10.0,37,13.0
223,2_37,2_36,AST,,DELETE,36,13.0,37,13.0
227,2_47,2_45,AST,,DELETE,45,16.0,47,16.0
230,2_38,2_4,DDG,,DELETE,7,1.0,40,14.0
231,2_38,2_29,CDG,,DELETE,30,10.0,40,14.0
232,2_38,2_34,CFG,,DELETE,34,13.0,40,14.0
233,2_38,2_34,DDG,qstr,DELETE,35,13.0,40,14.0
234,2_40,2_39,AST,,DELETE,39,14.0,40,14.0
237,2_24,2_21,AST,,DELETE,21,5.0,24,5.0
238,2_50,2_4,DDG,,DELETE,7,1.0,53,20.0
239,2_50,2_38,CDG,,DELETE,39,14.0,53,20.0
240,2_50,2_38,DDG,qstr,DELETE,40,14.0,53,20.0
242,2_53,2_52,AST,,DELETE,52,20.0,53,20.0
245,2_48,2_42,AST,,DELETE,42,15.0,48,16.0
248,2_42,2_19,DDG,errp,DELETE,25,5.0,43,15.0
249,2_42,2_38,CFG,,DELETE,39,14.0,43,15.0
251,2_43,2_42,AST,,DELETE,42,15.0,43,15.0
296,2_16,2_14,AST,,REMAIN,14,4.0,16,4.0
299,2_19,2_14,CFG,,ADD,14,4.0,218,5.0
300,2_218,2_19,AST,,ADD,19,5.0,218,5.0
303,2_20,2_19,AST,,DELETE,19,5.0,20,5.0
309,2_219,2_19,AST,,ADD,19,5.0,219,5.0
314,2_21,2_19,AST,,DELETE,19,5.0,21,5.0
316,2_30,2_29,AST,,REMAIN,29,10.0,30,10.0
317,2_29,2_226,CFG,,ADD,226,8.0,30,10.0
318,2_29,2_226,DDG,str,ADD,226,8.0,30,10.0
322,2_54,2_29,CFG,,ADD,30,10.0,55,21.0
324,2_55,2_54,AST,,REMAIN,54,21.0,55,21.0
327,2_54,2_50,CFG,,DELETE,50,20.0,55,21.0
329,2_65,2_64,AST,,REMAIN,64,23.0,65,23.0
336,2_60,2_57,AST,,REMAIN,57,22.0,60,22.0
342,2_58,2_57,AST,,REMAIN,57,22.0,58,22.0
347,2_62,2_60,AST,,REMAIN,60,22.0,62,22.0
353,2_66,2_65,AST,,REMAIN,65,23.0,66,23.0
360,2_34,2_29,CFG,,DELETE,30,10.0,35,13.0
362,2_35,2_34,AST,,DELETE,34,13.0,35,13.0
365,2_36,2_34,AST,,DELETE,34,13.0,36,13.0
369,2_39,2_38,AST,,DELETE,38,14.0,39,14.0
373,2_71,2_65,AST,,REMAIN,65,23.0,71,23.0
378,2_77,2_74,AST,,REMAIN,74,25.0,77,26.0
379,2_77,2_74,DDG,errp,REMAIN,75,25.0,77,26.0
390,2_74,2_77,CFG,,REMAIN,80,26.0,74,25.0
392,2_68,2_66,AST,,REMAIN,66,23.0,68,23.0
587,2_50,2_38,CFG,,DELETE,39,14.0,51,20.0
589,2_51,2_50,AST,,DELETE,50,20.0,51,20.0
596,2_42,2_45,CFG,,DELETE,48,16.0,42,15.0
599,2_52,2_50,AST,,DELETE,50,20.0,52,20.0
603,2_45,2_42,AST,,DELETE,42,15.0,45,16.0
604,2_45,2_42,DDG,errp,DELETE,43,15.0,45,16.0
25,3_5,3_4,AST,,REMAIN,4,1.0,5,1.0
30,3_14,3_4,CFG,,REMAIN,7,1.0,15,4.0
31,3_15,3_14,AST,,REMAIN,14,4.0,15,4.0
33,3_48,3_4,DDG,,REMAIN,7,1.0,54,18.0
34,3_48,3_27,CDG,,ADD,28,8.0,54,18.0
35,3_54,3_50,AST,,REMAIN,50,18.0,54,18.0
37,3_48,3_36,CDG,,DELETE,37,12.0,54,18.0
38,3_19,3_4,DDG,,REMAIN,7,1.0,23,5.0
43,3_23,3_192,AST,,ADD,192,5.0,23,5.0
44,3_23,3_21,AST,,DELETE,21,5.0,23,5.0
47,3_9,3_7,AST,,REMAIN,7,1.0,9,1.0
48,3_58,3_4,DDG,,REMAIN,7,1.0,60,20.0
49,3_60,3_58,AST,,REMAIN,58,20.0,60,20.0
51,3_58,3_32,CDG,,ADD,202,11.0,60,20.0
52,3_58,3_48,CDG,,DELETE,49,18.0,60,20.0
54,3_19,3_14,DDG,qiv,REMAIN,15,4.0,22,5.0
58,3_22,3_192,AST,,ADD,192,5.0,22,5.0
60,3_22,3_21,AST,,DELETE,21,5.0,22,5.0
62,3_10,3_4,DDG,,REMAIN,7,1.0,10,2.0
63,3_10,3_7,AST,,REMAIN,7,1.0,10,2.0
64,3_14,3_4,DDG,,REMAIN,7,1.0,17,4.0
67,3_17,3_16,AST,,REMAIN,16,4.0,17,4.0
71,3_56,3_202,AST,,ADD,202,11.0,56,18.0
73,3_56,3_49,AST,,DELETE,49,18.0,56,18.0
74,3_47,3_4,DDG,,REMAIN,7,1.0,47,15.0
75,3_47,3_27,CFG,,ADD,28,8.0,47,15.0
76,3_47,3_27,CDG,,ADD,28,8.0,47,15.0
79,3_47,3_36,CDG,,DELETE,37,12.0,47,15.0
80,3_47,3_40,CFG,,DELETE,40,13.0,47,15.0
81,3_11,3_4,DDG,,REMAIN,7,1.0,11,2.0
82,3_11,3_7,AST,,REMAIN,7,1.0,11,2.0
84,3_8,3_7,AST,,REMAIN,7,1.0,8,1.0
86,3_19,3_11,DDG,errp,REMAIN,11,2.0,25,5.0
90,3_25,3_192,AST,,ADD,192,5.0,25,5.0
91,3_25,3_21,AST,,DELETE,21,5.0,25,5.0
95,3_58,3_19,DDG,errp,REMAIN,25,5.0,59,20.0
96,3_59,3_58,AST,,REMAIN,58,20.0,59,20.0
98,3_58,3_61,DDG,"full_name(qiv, name)",REMAIN,61,21.0,59,20.0
100,3_58,3_32,CFG,,ADD,202,11.0,59,20.0
102,3_58,3_48,CFG,,DELETE,49,18.0,59,20.0
104,3_61,3_4,DDG,,REMAIN,7,1.0,62,21.0
105,3_61,3_19,DDG,qiv,REMAIN,22,5.0,62,21.0
106,3_61,3_58,CFG,,REMAIN,60,20.0,62,21.0
107,3_62,3_61,AST,,REMAIN,61,21.0,62,21.0
109,3_61,3_32,CDG,,ADD,202,11.0,62,21.0
110,3_61,3_48,CDG,,DELETE,49,18.0,62,21.0
113,3_63,3_61,AST,,REMAIN,61,21.0,63,21.0
120,3_53,3_50,AST,,REMAIN,50,18.0,53,18.0
121,3_48,3_32,CFG,,ADD,204,11.0,53,18.0
125,3_48,3_10,DDG,obj,REMAIN,10,2.0,55,18.0
127,3_55,3_50,AST,,REMAIN,50,18.0,55,18.0
131,3_48,3_32,DDG,str,ADD,204,11.0,55,18.0
135,3_64,3_58,AST,,REMAIN,58,20.0,64,21.0
140,3_65,3_7,AST,,REMAIN,7,1.0,65,1.0
141,3_4,3_10,DDG,obj,REMAIN,10,2.0,65,1.0
142,3_4,3_14,DDG,to_qiv(v),REMAIN,16,4.0,65,1.0
144,3_4,3_19,DDG,qiv,REMAIN,22,5.0,65,1.0
147,3_4,3_27,DDG,!qobj,REMAIN,28,8.0,65,1.0
148,3_4,3_47,CFG,,REMAIN,47,15.0,65,1.0
149,3_4,3_47,DDG,<RET>,REMAIN,47,15.0,65,1.0
150,3_4,3_48,DDG,NULL,REMAIN,53,18.0,65,1.0
151,3_4,3_58,CFG,,REMAIN,58,20.0,65,1.0
152,3_4,3_58,DDG,QERR_INVALID_PARAMETER_VALUE,REMAIN,60,20.0,65,1.0
154,3_4,3_198,DDG,str,ADD,198,7.0,65,1.0
155,3_4,3_32,CFG,,ADD,202,11.0,65,1.0
158,3_4,3_31,CFG,,DELETE,31,9.0,65,1.0
159,3_4,3_31,DDG,<RET>,DELETE,31,9.0,65,1.0
160,3_4,3_40,DDG,QERR_INVALID_PARAMETER_TYPE,DELETE,42,13.0,65,1.0
161,3_4,3_48,CFG,,DELETE,49,18.0,65,1.0
162,3_150,3_7,AST,,REMAIN,7,1.0,150,1.0
165,3_151,3_7,AST,,REMAIN,7,1.0,151,1.0
168,3_152,3_7,AST,,REMAIN,7,1.0,152,2.0
169,3_152,3_10,DDG,obj,REMAIN,10,2.0,152,2.0
171,3_153,3_7,AST,,REMAIN,7,1.0,153,2.0
172,3_153,3_11,DDG,errp,REMAIN,11,2.0,153,2.0
173,3_153,3_19,DDG,errp,REMAIN,25,5.0,153,2.0
174,3_32,3_4,DDG,,ADD,7,1.0,204,11.0
175,3_32,3_27,CFG,,ADD,28,8.0,204,11.0
176,3_32,3_27,CDG,,ADD,28,8.0,204,11.0
177,3_204,3_50,AST,,ADD,50,18.0,204,11.0
178,3_32,3_48,DDG,NULL,ADD,53,18.0,204,11.0
181,3_32,3_198,DDG,str,ADD,198,7.0,204,11.0
182,3_198,3_4,DDG,,ADD,7,1.0,198,7.0
183,3_198,3_28,AST,,ADD,28,8.0,198,7.0
184,3_198,3_19,CFG,,ADD,19,5.0,198,7.0
185,3_198,3_19,DDG,str,ADD,191,5.0,198,7.0
186,3_43,3_4,DDG,,DELETE,7,1.0,44,14.0
187,3_43,3_19,DDG,qiv,DELETE,22,5.0,44,14.0
188,3_43,3_36,CDG,,DELETE,37,12.0,44,14.0
189,3_43,3_40,CFG,,DELETE,42,13.0,44,14.0
190,3_44,3_43,AST,,DELETE,43,14.0,44,14.0
194,3_24,3_21,AST,,DELETE,21,5.0,24,5.0
197,3_46,3_40,AST,,DELETE,40,13.0,46,14.0
201,3_32,3_27,DDG,qobj,DELETE,29,8.0,35,11.0
203,3_35,3_34,AST,,DELETE,34,11.0,35,11.0
204,3_36,3_4,DDG,,DELETE,7,1.0,38,12.0
205,3_36,3_27,CDG,,DELETE,28,8.0,38,12.0
206,3_36,3_32,CFG,,DELETE,32,11.0,38,12.0
207,3_36,3_32,DDG,qstr,DELETE,33,11.0,38,12.0
208,3_38,3_37,AST,,DELETE,37,12.0,38,12.0
212,3_45,3_43,AST,,DELETE,43,14.0,45,14.0
215,3_40,3_4,DDG,,DELETE,7,1.0,41,13.0
216,3_40,3_19,DDG,errp,DELETE,25,5.0,41,13.0
217,3_40,3_36,CFG,,DELETE,37,12.0,41,13.0
218,3_40,3_36,CDG,,DELETE,37,12.0,41,13.0
219,3_41,3_40,AST,,DELETE,40,13.0,41,13.0
221,3_40,3_43,DDG,"full_name(qiv, name)",DELETE,43,14.0,41,13.0
223,3_31,3_4,DDG,,DELETE,7,1.0,31,9.0
224,3_31,3_27,CFG,,DELETE,28,8.0,31,9.0
225,3_31,3_27,CDG,,DELETE,28,8.0,31,9.0
227,3_27,3_4,DDG,,DELETE,7,1.0,29,8.0
228,3_29,3_28,AST,,DELETE,28,8.0,29,8.0
229,3_27,3_19,CFG,,DELETE,19,5.0,29,8.0
230,3_27,3_19,DDG,qobj,DELETE,20,5.0,29,8.0
232,3_48,3_36,CFG,,DELETE,37,12.0,52,18.0
234,3_48,3_36,DDG,qstr,DELETE,38,12.0,52,18.0
235,3_52,3_51,AST,,DELETE,51,18.0,52,18.0
238,3_42,3_40,AST,,DELETE,40,13.0,42,13.0
263,3_16,3_14,AST,,REMAIN,14,4.0,16,4.0
266,3_19,3_14,CFG,,ADD,14,4.0,191,5.0
267,3_191,3_19,AST,,ADD,19,5.0,191,5.0
270,3_20,3_19,AST,,DELETE,19,5.0,20,5.0
276,3_192,3_19,AST,,ADD,19,5.0,192,5.0
281,3_21,3_19,AST,,DELETE,19,5.0,21,5.0
283,3_28,3_27,AST,,REMAIN,27,8.0,28,8.0
284,3_27,3_198,CFG,,ADD,198,7.0,28,8.0
285,3_27,3_198,DDG,str,ADD,198,7.0,28,8.0
295,3_50,3_202,AST,,ADD,202,11.0,50,18.0
298,3_50,3_49,AST,,DELETE,49,18.0,50,18.0
301,3_202,3_36,AST,,ADD,36,12.0,202,11.0
303,3_32,3_48,CFG,,ADD,56,18.0,202,11.0
307,3_33,3_32,AST,,DELETE,32,11.0,33,11.0
310,3_34,3_32,AST,,DELETE,32,11.0,34,11.0
314,3_37,3_36,AST,,DELETE,36,12.0,37,12.0
322,3_58,3_61,CFG,,REMAIN,64,21.0,58,20.0
332,3_40,3_43,CFG,,DELETE,46,14.0,40,13.0
338,3_49,3_48,AST,,DELETE,48,18.0,49,18.0
339,3_51,3_50,AST,,DELETE,50,18.0,51,18.0
346,3_61,3_58,AST,,REMAIN,58,20.0,61,21.0
347,3_61,3_58,DDG,errp,REMAIN,59,20.0,61,21.0
511,3_43,3_40,AST,,DELETE,40,13.0,43,14.0
512,3_43,3_40,DDG,errp,DELETE,41,13.0,43,14.0
25,4_5,4_4,AST,,REMAIN,4,1.0,5,1.0
30,4_14,4_4,CFG,,REMAIN,7,1.0,15,4.0
31,4_15,4_14,AST,,REMAIN,14,4.0,15,4.0
33,4_77,4_4,DDG,,REMAIN,7,1.0,79,25.0
34,4_77,4_65,CDG,,REMAIN,66,22.0,79,25.0
35,4_79,4_77,AST,,REMAIN,77,25.0,79,25.0
37,4_19,4_4,DDG,,REMAIN,7,1.0,23,5.0
42,4_23,4_205,AST,,ADD,205,5.0,23,5.0
43,4_23,4_21,AST,,DELETE,21,5.0,23,5.0
46,4_9,4_7,AST,,REMAIN,7,1.0,9,1.0
47,4_71,4_4,DDG,,REMAIN,7,1.0,74,23.0
48,4_71,4_65,CDG,,REMAIN,66,22.0,74,23.0
49,4_74,4_71,AST,,REMAIN,71,23.0,74,23.0
52,4_19,4_14,DDG,qiv,REMAIN,15,4.0,22,5.0
56,4_22,4_205,AST,,ADD,205,5.0,22,5.0
58,4_22,4_21,AST,,DELETE,21,5.0,22,5.0
60,4_10,4_4,DDG,,REMAIN,7,1.0,10,2.0
61,4_10,4_7,AST,,REMAIN,7,1.0,10,2.0
62,4_14,4_4,DDG,,REMAIN,7,1.0,17,4.0
65,4_17,4_16,AST,,REMAIN,16,4.0,17,4.0
66,4_53,4_4,DDG,,REMAIN,7,1.0,56,20.0
67,4_53,4_28,CFG,,ADD,29,9.0,56,20.0
68,4_53,4_28,CDG,,ADD,29,9.0,56,20.0
69,4_56,4_55,AST,,REMAIN,55,20.0,56,20.0
70,4_53,4_211,DDG,str,ADD,211,7.0,56,20.0
71,4_53,4_37,CDG,,DELETE,38,13.0,56,20.0
72,4_53,4_49,CFG,,DELETE,49,19.0,56,20.0
73,4_53,4_49,DDG,str,DELETE,50,19.0,56,20.0
75,4_77,4_19,DDG,errp,REMAIN,25,5.0,78,25.0
76,4_77,4_65,CFG,,REMAIN,66,22.0,78,25.0
78,4_78,4_77,AST,,REMAIN,77,25.0,78,25.0
80,4_77,4_80,DDG,"full_name(qiv, name)",REMAIN,80,26.0,78,25.0
82,4_11,4_4,DDG,,REMAIN,7,1.0,11,2.0
83,4_11,4_7,AST,,REMAIN,7,1.0,11,2.0
84,4_65,4_4,DDG,,REMAIN,7,1.0,68,22.0
85,4_65,4_53,CFG,,REMAIN,54,20.0,68,22.0
86,4_65,4_53,CDG,,REMAIN,54,20.0,68,22.0
87,4_65,4_53,DDG,str,REMAIN,56,20.0,68,22.0
88,4_68,4_67,AST,,REMAIN,67,22.0,68,22.0
90,4_8,4_7,AST,,REMAIN,7,1.0,8,1.0
93,4_57,4_55,AST,,REMAIN,55,20.0,57,20.0
96,4_80,4_4,DDG,,REMAIN,7,1.0,81,26.0
97,4_80,4_19,DDG,qiv,REMAIN,22,5.0,81,26.0
98,4_80,4_65,CDG,,REMAIN,66,22.0,81,26.0
99,4_80,4_77,CFG,,REMAIN,79,25.0,81,26.0
100,4_81,4_80,AST,,REMAIN,80,26.0,81,26.0
104,4_83,4_77,AST,,REMAIN,77,25.0,83,26.0
107,4_19,4_11,DDG,errp,REMAIN,11,2.0,25,5.0
111,4_25,4_205,AST,,ADD,205,5.0,25,5.0
112,4_25,4_21,AST,,DELETE,21,5.0,25,5.0
115,4_59,4_4,DDG,,REMAIN,7,1.0,62,21.0
116,4_59,4_53,CDG,,REMAIN,54,20.0,62,21.0
117,4_62,4_59,AST,,REMAIN,59,21.0,62,21.0
120,4_71,4_10,DDG,obj,REMAIN,10,2.0,73,23.0
121,4_71,4_65,CFG,,REMAIN,66,22.0,73,23.0
123,4_73,4_72,AST,,REMAIN,72,23.0,73,23.0
124,4_48,4_4,DDG,,REMAIN,7,1.0,48,16.0
125,4_48,4_28,CFG,,ADD,29,9.0,48,16.0
126,4_48,4_28,CDG,,ADD,29,9.0,48,16.0
128,4_48,4_37,CDG,,DELETE,38,13.0,48,16.0
130,4_48,4_41,CFG,,DELETE,41,14.0,48,16.0
134,4_82,4_80,AST,,REMAIN,80,26.0,82,26.0
138,4_59,4_10,DDG,obj,REMAIN,10,2.0,61,21.0
139,4_59,4_53,CFG,,REMAIN,54,20.0,61,21.0
141,4_61,4_60,AST,,REMAIN,60,21.0,61,21.0
144,4_69,4_67,AST,,REMAIN,67,22.0,69,22.0
147,4_84,4_7,AST,,REMAIN,7,1.0,84,1.0
148,4_4,4_10,DDG,obj,REMAIN,10,2.0,84,1.0
149,4_4,4_14,DDG,to_qiv(v),REMAIN,16,4.0,84,1.0
151,4_4,4_19,DDG,qiv,REMAIN,22,5.0,84,1.0
154,4_4,4_28,DDG,!qobj,REMAIN,29,9.0,84,1.0
155,4_4,4_48,CFG,,REMAIN,48,16.0,84,1.0
156,4_4,4_48,DDG,<RET>,REMAIN,48,16.0,84,1.0
157,4_4,4_59,CFG,,REMAIN,59,21.0,84,1.0
158,4_4,4_71,CFG,,REMAIN,71,23.0,84,1.0
159,4_4,4_77,CFG,,REMAIN,77,25.0,84,1.0
160,4_4,4_77,DDG,QERR_INVALID_PARAMETER_VALUE,REMAIN,79,25.0,84,1.0
162,4_4,4_211,DDG,str,ADD,211,7.0,84,1.0
165,4_4,4_32,CFG,,DELETE,32,10.0,84,1.0
166,4_4,4_32,DDG,<RET>,DELETE,32,10.0,84,1.0
167,4_4,4_41,DDG,QERR_INVALID_PARAMETER_TYPE,DELETE,43,14.0,84,1.0
168,4_166,4_7,AST,,REMAIN,7,1.0,166,1.0
171,4_167,4_7,AST,,REMAIN,7,1.0,167,1.0
174,4_168,4_7,AST,,REMAIN,7,1.0,168,2.0
175,4_168,4_10,DDG,obj,REMAIN,10,2.0,168,2.0
177,4_169,4_7,AST,,REMAIN,7,1.0,169,2.0
178,4_169,4_11,DDG,errp,REMAIN,11,2.0,169,2.0
179,4_169,4_19,DDG,errp,REMAIN,25,5.0,169,2.0
180,4_211,4_4,DDG,,ADD,7,1.0,211,7.0
181,4_211,4_29,AST,,ADD,29,9.0,211,7.0
182,4_211,4_19,CFG,,ADD,19,5.0,211,7.0
183,4_211,4_19,DDG,str,ADD,204,5.0,211,7.0
184,4_32,4_4,DDG,,DELETE,7,1.0,32,10.0
185,4_32,4_28,CFG,,DELETE,29,9.0,32,10.0
186,4_32,4_28,CDG,,DELETE,29,9.0,32,10.0
188,4_44,4_4,DDG,,DELETE,7,1.0,46,15.0
189,4_44,4_19,DDG,name,DELETE,23,5.0,46,15.0
190,4_44,4_37,CDG,,DELETE,38,13.0,46,15.0
191,4_46,4_44,AST,,DELETE,44,15.0,46,15.0
196,4_47,4_41,AST,,DELETE,41,14.0,47,15.0
201,4_44,4_41,CFG,,DELETE,43,14.0,45,15.0
202,4_45,4_44,AST,,DELETE,44,15.0,45,15.0
204,4_37,4_4,DDG,,DELETE,7,1.0,39,13.0
205,4_37,4_28,CDG,,DELETE,29,9.0,39,13.0
206,4_37,4_33,CFG,,DELETE,33,12.0,39,13.0
207,4_37,4_33,DDG,qstr,DELETE,34,12.0,39,13.0
208,4_39,4_38,AST,,DELETE,38,13.0,39,13.0
209,4_33,4_4,DDG,,DELETE,7,1.0,36,12.0
210,4_33,4_28,CDG,,DELETE,29,9.0,36,12.0
211,4_33,4_28,DDG,qobj,DELETE,30,9.0,36,12.0
213,4_36,4_35,AST,,DELETE,35,12.0,36,12.0
216,4_24,4_21,AST,,DELETE,21,5.0,24,5.0
217,4_49,4_4,DDG,,DELETE,7,1.0,52,19.0
218,4_49,4_37,CDG,,DELETE,38,13.0,52,19.0
219,4_49,4_37,DDG,qstr,DELETE,39,13.0,52,19.0
221,4_52,4_51,AST,,DELETE,51,19.0,52,19.0
222,4_41,4_4,DDG,,DELETE,7,1.0,42,14.0
223,4_41,4_19,DDG,errp,DELETE,25,5.0,42,14.0
224,4_41,4_37,CFG,,DELETE,38,13.0,42,14.0
225,4_41,4_37,CDG,,DELETE,38,13.0,42,14.0
226,4_42,4_41,AST,,DELETE,41,14.0,42,14.0
228,4_41,4_44,DDG,"full_name(qiv, name)",DELETE,44,15.0,42,14.0
232,4_43,4_41,AST,,DELETE,41,14.0,43,14.0
234,4_28,4_4,DDG,,DELETE,7,1.0,30,9.0
235,4_30,4_29,AST,,DELETE,29,9.0,30,9.0
236,4_28,4_19,CFG,,DELETE,19,5.0,30,9.0
237,4_28,4_19,DDG,qobj,DELETE,20,5.0,30,9.0
266,4_16,4_14,AST,,REMAIN,14,4.0,16,4.0
269,4_19,4_14,CFG,,ADD,14,4.0,204,5.0
270,4_204,4_19,AST,,ADD,19,5.0,204,5.0
273,4_20,4_19,AST,,DELETE,19,5.0,20,5.0
279,4_205,4_19,AST,,ADD,19,5.0,205,5.0
284,4_21,4_19,AST,,DELETE,19,5.0,21,5.0
286,4_29,4_28,AST,,REMAIN,28,9.0,29,9.0
287,4_28,4_211,CFG,,ADD,211,7.0,29,9.0
288,4_28,4_211,DDG,str,ADD,211,7.0,29,9.0
293,4_55,4_54,AST,,REMAIN,54,20.0,55,20.0
299,4_54,4_53,AST,,REMAIN,53,20.0,54,20.0
303,4_33,4_28,CFG,,DELETE,29,9.0,34,12.0
305,4_34,4_33,AST,,DELETE,33,12.0,34,12.0
308,4_38,4_37,AST,,DELETE,37,13.0,38,13.0
312,4_35,4_33,AST,,DELETE,33,12.0,35,12.0
316,4_63,4_53,AST,,REMAIN,53,20.0,63,22.0
318,4_60,4_59,AST,,REMAIN,59,21.0,60,21.0
322,4_66,4_65,AST,,REMAIN,65,22.0,66,22.0
326,4_67,4_66,AST,,REMAIN,66,22.0,67,22.0
340,4_80,4_77,AST,,REMAIN,77,25.0,80,26.0
341,4_80,4_77,DDG,errp,REMAIN,78,25.0,80,26.0
352,4_77,4_80,CFG,,REMAIN,83,26.0,77,25.0
360,4_72,4_71,AST,,REMAIN,71,23.0,72,23.0
519,4_49,4_37,CFG,,DELETE,38,13.0,50,19.0
521,4_50,4_49,AST,,DELETE,49,19.0,50,19.0
524,4_51,4_49,AST,,DELETE,49,19.0,51,19.0
532,4_41,4_44,CFG,,DELETE,47,15.0,41,14.0
535,4_44,4_41,AST,,DELETE,41,14.0,44,15.0
536,4_44,4_41,DDG,errp,DELETE,42,14.0,44,15.0
18,5_5,5_4,AST,,ADD,4,1.0,5,1.0
23,5_14,5_4,CFG,,ADD,7,1.0,15,8.0
24,5_15,5_14,AST,,ADD,14,8.0,15,8.0
26,5_14,5_4,DDG,,ADD,7,1.0,20,8.0
27,5_14,5_10,DDG,errp,ADD,10,3.0,20,8.0
28,5_20,5_16,AST,,ADD,16,8.0,20,8.0
33,5_38,5_4,DDG,,ADD,7,1.0,39,16.0
34,5_38,5_14,DDG,qiv,ADD,17,8.0,39,16.0
35,5_38,5_31,CDG,,ADD,32,14.0,39,16.0
36,5_38,5_35,CFG,,ADD,37,15.0,39,16.0
37,5_39,5_38,AST,,ADD,38,16.0,39,16.0
39,5_35,5_4,DDG,,ADD,7,1.0,36,15.0
40,5_35,5_14,DDG,errp,ADD,20,8.0,36,15.0
41,5_35,5_31,CFG,,ADD,32,14.0,36,15.0
42,5_35,5_31,CDG,,ADD,32,14.0,36,15.0
43,5_36,5_35,AST,,ADD,35,15.0,36,15.0
45,5_35,5_38,DDG,"full_name(qiv, name)",ADD,38,16.0,36,15.0
48,5_14,5_9,DDG,name,ADD,9,2.0,18,8.0
49,5_18,5_16,AST,,ADD,16,8.0,18,8.0
54,5_21,5_4,DDG,,ADD,7,1.0,23,9.0
55,5_21,5_14,CFG,,ADD,14,8.0,23,9.0
56,5_21,5_14,DDG,qobj,ADD,15,8.0,23,9.0
57,5_23,5_22,AST,,ADD,22,9.0,23,9.0
58,5_9,5_4,DDG,,ADD,7,1.0,9,2.0
59,5_9,5_7,AST,,ADD,7,1.0,9,2.0
60,5_42,5_4,DDG,,ADD,7,1.0,43,17.0
61,5_42,5_31,CDG,,ADD,32,14.0,43,17.0
62,5_42,5_35,CFG,,ADD,35,15.0,43,17.0
63,5_43,5_42,AST,,ADD,42,17.0,43,17.0
64,5_27,5_4,DDG,,ADD,7,1.0,30,13.0
65,5_27,5_21,CDG,,ADD,22,9.0,30,13.0
66,5_27,5_21,DDG,qobj,ADD,23,9.0,30,13.0
68,5_30,5_29,AST,,ADD,29,13.0,30,13.0
69,5_44,5_4,DDG,,ADD,7,1.0,46,20.0
70,5_44,5_31,CFG,,ADD,32,14.0,46,20.0
71,5_44,5_31,CDG,,ADD,32,14.0,46,20.0
72,5_44,5_31,DDG,qstr,ADD,33,14.0,46,20.0
73,5_46,5_45,AST,,ADD,45,20.0,46,20.0
76,5_37,5_35,AST,,ADD,35,15.0,37,15.0
78,5_10,5_4,DDG,,ADD,7,1.0,10,3.0
79,5_10,5_7,AST,,ADD,7,1.0,10,3.0
83,5_17,5_16,AST,,ADD,16,8.0,17,8.0
87,5_31,5_4,DDG,,ADD,7,1.0,33,14.0
88,5_31,5_21,CDG,,ADD,22,9.0,33,14.0
89,5_31,5_27,CFG,,ADD,27,13.0,33,14.0
90,5_31,5_27,DDG,qstr,ADD,28,13.0,33,14.0
91,5_33,5_32,AST,,ADD,32,14.0,33,14.0
93,5_8,5_7,AST,,ADD,7,1.0,8,1.0
97,5_40,5_38,AST,,ADD,38,16.0,40,16.0
101,5_19,5_16,AST,,ADD,16,8.0,19,8.0
103,5_25,5_4,DDG,,ADD,7,1.0,26,10.0
104,5_25,5_21,CFG,,ADD,22,9.0,26,10.0
105,5_25,5_21,CDG,,ADD,22,9.0,26,10.0
106,5_26,5_25,AST,,ADD,25,10.0,26,10.0
109,5_41,5_35,AST,,ADD,35,15.0,41,16.0
122,5_47,5_7,AST,,ADD,7,1.0,47,1.0
123,5_4,5_14,DDG,"qobject_input_get_object(qiv, name, true, errp)",ADD,16,8.0,47,1.0
127,5_4,5_21,DDG,!qobj,ADD,22,9.0,47,1.0
129,5_4,5_25,CFG,,ADD,25,10.0,47,1.0
130,5_4,5_25,DDG,<RET>,ADD,25,10.0,47,1.0
131,5_4,5_35,DDG,QERR_INVALID_PARAMETER_TYPE,ADD,37,15.0,47,1.0
132,5_4,5_42,CFG,,ADD,42,17.0,47,1.0
133,5_4,5_42,DDG,<RET>,ADD,42,17.0,47,1.0
134,5_4,5_44,CFG,,ADD,44,20.0,47,1.0
135,5_4,5_44,DDG,<RET>,ADD,44,20.0,47,1.0
136,5_110,5_7,AST,,ADD,7,1.0,110,1.0
139,5_111,5_7,AST,,ADD,7,1.0,111,2.0
140,5_111,5_9,DDG,name,ADD,9,2.0,111,2.0
141,5_111,5_14,DDG,name,ADD,18,8.0,111,2.0
142,5_112,5_7,AST,,ADD,7,1.0,112,3.0
143,5_112,5_10,DDG,errp,ADD,10,3.0,112,3.0
144,5_112,5_14,DDG,errp,ADD,20,8.0,112,3.0
162,5_16,5_14,AST,,ADD,14,8.0,16,8.0
168,5_22,5_21,AST,,ADD,21,9.0,22,9.0
172,5_27,5_21,CFG,,ADD,22,9.0,28,13.0
174,5_28,5_27,AST,,ADD,27,13.0,28,13.0
177,5_29,5_27,AST,,ADD,27,13.0,29,13.0
181,5_32,5_31,AST,,ADD,31,14.0,32,14.0
190,5_35,5_38,CFG,,ADD,41,16.0,35,15.0
193,5_38,5_35,AST,,ADD,35,15.0,38,16.0
194,5_38,5_35,DDG,errp,ADD,36,15.0,38,16.0
201,5_45,5_44,AST,,ADD,44,20.0,45,20.0
